{"cameraMode":{"drawMode":0,"name":"Shaded","section":"Shading Mode"},"sceneLighting":false,"audioPlay":false,"sceneViewState":{"m_AlwaysRefresh":false,"showFog":true,"showSkybox":false,"showFlares":true,"showImageEffects":true,"showParticleSystems":true,"showVisualEffectGraphs":true,"m_FxEnabled":true},"in2DMode":false,"pivot":{"x":-1.421785831451416,"y":0.6941258311271668,"z":0.9399999380111694},"rotation":{"x":0.6220785975456238,"y":-0.0023488549049943687,"z":0.0018662416841834784,"w":0.7829490900039673},"size":1.8144659996032715,"orthographic":false}